방향,rPR,gPO,실측개구_mm,회귀예측_mm,잔차_mm
closing,32,32,46.55,46.5632,-0.0132
closing,64,64,39.67,39.6371,0.0329
closing,96,96,32.75,32.7111,0.0389
closing,128,128,25.82,25.785,0.035
closing,160,160,18.88,18.8589,0.0211
closing,192,192,12.01,11.9328,0.0772
closing,224,224,4.96,5.0067,-0.0467
opening,224,224,5.08,5.0067,0.0733
opening,192,192,11.84,11.9328,-0.0928
opening,160,160,18.79,18.8589,-0.0689
opening,128,128,25.72,25.785,-0.065
opening,96,96,32.73,32.7111,0.0189
opening,64,64,39.69,39.6371,0.0529
opening,32,32,46.5,46.5632,-0.0632
