combo_id,rep,rPR,rSP,rFR,gOBJ,gPO_final,추종오차_count,예측개구_mm
1,1,27,41,146,3,27,0,47.65
1,2,27,41,146,3,27,0,47.65
2,1,57,139,26,3,57,0,41.15
2,2,57,139,26,3,57,0,41.15
3,1,19,228,77,3,19,0,49.38
3,2,19,228,77,3,19,0,49.38
4,1,222,236,50,3,222,0,5.45
4,2,222,236,50,3,222,0,5.45
5,1,169,106,39,3,169,0,16.92
5,2,169,106,39,3,169,0,16.92
6,1,15,65,32,3,15,0,50.24
6,2,15,65,32,3,15,0,50.24
7,1,229,69,230,3,229,0,3.93
7,2,229,69,230,3,229,0,3.93
8,1,57,248,154,3,57,0,41.15
8,2,57,248,154,3,57,0,41.15
9,1,244,56,253,3,244,0,0.69
9,2,244,56,253,3,244,0,0.69
10,1,151,174,125,3,151,0,20.81
10,2,151,174,125,3,151,0,20.81
