t_perf,wall_time,event
156277.835787,2026-07-15T05:50:17.640,rSP=32_rep1_close_cmd
156279.614037,2026-07-15T05:50:19.418,rSP=32_rep1_close_done_obj3
156280.114348,2026-07-15T05:50:19.918,rSP=32_rep1_open_cmd
156282.161062,2026-07-15T05:50:21.965,rSP=32_rep1_open_done_obj3
156282.661781,2026-07-15T05:50:22.466,rSP=32_rep2_close_cmd
156284.448350,2026-07-15T05:50:24.252,rSP=32_rep2_close_done_obj3
156284.949142,2026-07-15T05:50:24.753,rSP=32_rep2_open_cmd
156286.742208,2026-07-15T05:50:26.546,rSP=32_rep2_open_done_obj3
156287.243095,2026-07-15T05:50:27.047,rSP=32_rep3_close_cmd
156289.046003,2026-07-15T05:50:28.850,rSP=32_rep3_close_done_obj3
156289.546775,2026-07-15T05:50:29.351,rSP=32_rep3_open_cmd
156291.340335,2026-07-15T05:50:31.144,rSP=32_rep3_open_done_obj3
156291.841017,2026-07-15T05:50:31.645,rSP=64_rep1_close_cmd
156293.149538,2026-07-15T05:50:32.953,rSP=64_rep1_close_done_obj3
156293.649920,2026-07-15T05:50:33.454,rSP=64_rep1_open_cmd
156294.946876,2026-07-15T05:50:34.751,rSP=64_rep1_open_done_obj3
156295.448159,2026-07-15T05:50:35.252,rSP=64_rep2_close_cmd
156296.764086,2026-07-15T05:50:36.568,rSP=64_rep2_close_done_obj3
156297.264421,2026-07-15T05:50:37.068,rSP=64_rep2_open_cmd
156298.565720,2026-07-15T05:50:38.369,rSP=64_rep2_open_done_obj3
156299.066192,2026-07-15T05:50:38.870,rSP=64_rep3_close_cmd
156300.370234,2026-07-15T05:50:40.174,rSP=64_rep3_close_done_obj3
156300.870885,2026-07-15T05:50:40.675,rSP=64_rep3_open_cmd
156302.178403,2026-07-15T05:50:41.982,rSP=64_rep3_open_done_obj3
156302.679344,2026-07-15T05:50:42.483,rSP=128_rep1_close_cmd
156303.745903,2026-07-15T05:50:43.550,rSP=128_rep1_close_done_obj3
156304.246579,2026-07-15T05:50:44.051,rSP=128_rep1_open_cmd
156305.297163,2026-07-15T05:50:45.101,rSP=128_rep1_open_done_obj3
156305.826430,2026-07-15T05:50:45.630,rSP=128_rep2_close_cmd
156306.865801,2026-07-15T05:50:46.669,rSP=128_rep2_close_done_obj3
156307.366765,2026-07-15T05:50:47.171,rSP=128_rep2_open_cmd
156308.425213,2026-07-15T05:50:48.229,rSP=128_rep2_open_done_obj3
156308.925771,2026-07-15T05:50:48.730,rSP=128_rep3_close_cmd
156309.992363,2026-07-15T05:50:49.796,rSP=128_rep3_close_done_obj3
156310.493221,2026-07-15T05:50:50.297,rSP=128_rep3_open_cmd
156311.554977,2026-07-15T05:50:51.358,rSP=128_rep3_open_done_obj3
156312.055478,2026-07-15T05:50:51.859,rSP=192_rep1_close_cmd
156312.865754,2026-07-15T05:50:52.669,rSP=192_rep1_close_done_obj3
156313.366449,2026-07-15T05:50:53.170,rSP=192_rep1_open_cmd
156314.188262,2026-07-15T05:50:53.992,rSP=192_rep1_open_done_obj3
156314.689218,2026-07-15T05:50:54.493,rSP=192_rep2_close_cmd
156315.515134,2026-07-15T05:50:55.319,rSP=192_rep2_close_done_obj3
156316.016049,2026-07-15T05:50:55.820,rSP=192_rep2_open_cmd
156316.825772,2026-07-15T05:50:56.630,rSP=192_rep2_open_done_obj3
156317.326419,2026-07-15T05:50:57.130,rSP=192_rep3_close_cmd
156318.145982,2026-07-15T05:50:57.950,rSP=192_rep3_close_done_obj3
156318.646327,2026-07-15T05:50:58.450,rSP=192_rep3_open_cmd
156319.465075,2026-07-15T05:50:59.269,rSP=192_rep3_open_done_obj3
156319.966075,2026-07-15T05:50:59.770,rSP=255_rep1_close_cmd
156320.779436,2026-07-15T05:51:00.583,rSP=255_rep1_close_done_obj3
156321.279867,2026-07-15T05:51:01.084,rSP=255_rep1_open_cmd
156322.101600,2026-07-15T05:51:01.906,rSP=255_rep1_open_done_obj3
156322.602558,2026-07-15T05:51:02.406,rSP=255_rep2_close_cmd
156323.422761,2026-07-15T05:51:03.227,rSP=255_rep2_close_done_obj3
156323.923459,2026-07-15T05:51:03.728,rSP=255_rep2_open_cmd
156324.735586,2026-07-15T05:51:04.539,rSP=255_rep2_open_done_obj3
156325.236467,2026-07-15T05:51:05.041,rSP=255_rep3_close_cmd
156326.055286,2026-07-15T05:51:05.859,rSP=255_rep3_close_done_obj3
156326.555729,2026-07-15T05:51:06.360,rSP=255_rep3_open_cmd
156327.368017,2026-07-15T05:51:07.171,rSP=255_rep3_open_done_obj3
