rSP,rep,direction,move_time_s
32,1,close,1.778
32,1,open,2.047
32,2,close,1.786
32,2,open,1.793
32,3,close,1.761
32,3,open,1.793
64,1,close,1.308
64,1,open,1.297
64,2,close,1.316
64,2,open,1.301
64,3,close,1.304
64,3,open,1.307
128,1,close,1.066
128,1,open,1.051
128,2,close,1.039
128,2,open,1.058
128,3,close,1.067
128,3,open,1.062
192,1,close,0.810
192,1,open,0.822
192,2,close,0.826
192,2,open,0.810
192,3,close,0.819
192,3,open,0.819
255,1,close,0.813
255,1,open,0.822
255,2,close,0.820
255,2,open,0.812
255,3,close,0.819
255,3,open,0.812
