rFR,rSP,rep,gOBJ,gPO_stop,개구_mm,디바운스_ms
64,32,1,2,35,45.91,
64,32,2,2,35,45.91,
64,128,1,2,36,45.7,240.8
64,128,2,2,36,45.7,237.7
64,192,1,2,36,45.7,240.0
64,192,2,2,36,45.7,
64,255,1,2,37,45.48,
64,255,2,2,37,45.48,
128,32,1,2,36,45.7,
128,32,2,2,36,45.7,
128,128,1,2,36,45.7,240.1
128,128,2,2,36,45.7,237.4
128,192,1,2,37,45.48,237.7
128,192,2,2,37,45.48,
128,255,1,2,37,45.48,
128,255,2,2,37,45.48,
192,32,1,2,36,45.7,
192,32,2,2,36,45.7,
192,128,1,2,37,45.48,231.8
192,128,2,2,37,45.48,243.0
192,192,1,2,37,45.48,240.1
192,192,2,2,37,45.48,237.0
192,255,1,2,37,45.48,
192,255,2,2,37,45.48,
255,32,1,2,36,45.7,
255,32,2,2,36,45.7,
255,128,1,2,37,45.48,239.8
255,128,2,2,37,45.48,238.4
255,192,1,2,37,45.48,237.6
255,192,2,2,37,45.48,239.3
255,255,1,2,37,45.48,241.0
255,255,2,2,37,45.48,
