direction,rPR,gPO,caliper_mm_reads,caliper_mm_mean
closing,32,32,46.55/46.55/46.55,46.55
closing,64,64,39.67/39.67/39.67,39.67
closing,96,96,32.75/32.75/32.75,32.75
closing,128,128,25.82/25.82/25.82,25.82
closing,160,160,18.88/18.88/18.88,18.88
closing,192,192,12.01/12.01/12.01,12.01
closing,224,224,4.96/4.96/4.96,4.96
opening,224,224,5.08/5.08/5.08,5.08
opening,192,192,11.84/11.84/11.84,11.84
opening,160,160,18.79/18.79/18.79,18.79
opening,128,128,25.72/25.72/25.72,25.72
opening,96,96,32.73/32.73/32.73,32.73
opening,64,64,39.69/39.69/39.69,39.69
opening,32,32,46.5/46.5/46.5,46.5
