rFR,rSP,rep,gOBJ,gPO_stop,debounce_ms
64,32,1,2,35,
64,32,2,2,35,
64,128,1,2,36,240.8
64,128,2,2,36,237.7
64,192,1,2,36,240.0
64,192,2,2,36,
64,255,1,2,37,
64,255,2,2,37,
128,32,1,2,36,
128,32,2,2,36,
128,128,1,2,36,240.1
128,128,2,2,36,237.4
128,192,1,2,37,237.7
128,192,2,2,37,
128,255,1,2,37,
128,255,2,2,37,
192,32,1,2,36,
192,32,2,2,36,
192,128,1,2,37,231.8
192,128,2,2,37,243.0
192,192,1,2,37,240.1
192,192,2,2,37,237.0
192,255,1,2,37,
192,255,2,2,37,
255,32,1,2,36,
255,32,2,2,36,
255,128,1,2,37,239.8
255,128,2,2,37,238.4
255,192,1,2,37,237.6
255,192,2,2,37,239.3
255,255,1,2,37,241.0
255,255,2,2,37,
