런,rep,gPO_open,gPO_closed
20260714_0629,1,3,249
20260714_0629,2,3,249
20260714_0629,3,3,249
20260714_0629,4,3,249
20260714_0629,5,3,249
20260714_1606,1,3,249
20260714_1606,2,3,249
20260714_1606,3,3,249
20260714_1606,4,3,249
20260714_1606,5,3,249
20260714_1615,1,3,249
20260714_1615,2,3,249
20260714_1615,3,3,249
20260714_1615,4,3,249
20260714_1615,5,3,249
20260714_1620,1,3,249
20260714_1620,2,3,249
20260714_1620,3,3,249
20260714_1620,4,3,249
20260714_1620,5,3,249
20260714_1654,1,3,249
20260714_1654,2,3,249
20260714_1654,3,3,249
20260714_1654,4,3,249
20260714_1654,5,3,249
20260714_1659,1,3,249
20260714_1659,2,3,249
20260714_1659,3,3,249
20260714_1659,4,3,249
20260714_1659,5,3,249
20260714_1705,1,3,249
20260714_1705,2,3,249
20260714_1705,3,3,249
20260714_1705,4,3,249
20260714_1705,5,3,249
20260714_1718,1,3,249
20260714_1718,2,3,249
20260714_1718,3,3,249
20260714_1718,4,3,249
20260714_1718,5,3,249
20260714_1721,1,3,249
20260714_1721,2,3,249
20260714_1721,3,3,249
20260714_1721,4,3,249
20260714_1721,5,3,249
20260714_1723,1,3,249
20260714_1723,2,3,249
20260714_1723,3,3,249
20260714_1723,4,3,249
20260714_1723,5,3,249
20260714_1727,1,3,249
20260714_1727,2,3,249
20260714_1727,3,3,249
20260714_1727,4,3,249
20260714_1727,5,3,249
20260714_1729,1,3,249
20260714_1729,2,3,249
20260714_1729,3,3,249
20260714_1729,4,3,249
20260714_1729,5,3,249
20260714_1732,1,3,249
20260714_1732,2,3,249
20260714_1732,3,3,249
20260714_1732,4,3,249
20260714_1732,5,3,249
