rFR,rSP,파지력_N,표준편차_N,n,사양식_N,실측_사양_비
64,32,83.6,1.65,2,61.4,1.36
64,128,106.5,0.91,2,61.4,1.73
64,192,136.1,0.56,2,61.4,2.22
64,255,163.7,0.33,2,61.4,2.67
128,32,103.9,0.29,2,102.8,1.01
128,128,130.8,0.33,2,102.8,1.27
128,192,155.4,0.11,2,102.8,1.51
128,255,178.4,0.16,2,102.8,1.74
192,32,121.0,0.34,2,144.2,0.84
192,128,149.3,0.05,2,144.2,1.03
192,192,167.8,0.27,2,144.2,1.16
192,255,188.8,0.34,2,144.2,1.31
255,32,141.0,0.45,2,185.0,0.76
255,128,161.6,0.5,2,185.0,0.87
255,192,178.2,0.16,2,185.0,0.96
255,255,197.2,0.14,2,185.0,1.07
